Level,Month,ProductId,Metric,Value
Overall,,,NPS,65.59845909170113
Overall,,,CSAT,4.183925
Monthly,2006-07-01,,NPS,73.2476990232499
Monthly,2006-08-01,,NPS,77.17608602322787
Monthly,2006-09-01,,NPS,77.6312615737791
Monthly,2006-10-01,,NPS,80.22096564530382
Monthly,2006-11-01,,NPS,80.15734284790987
Monthly,2006-12-01,,NPS,79.80397660173718
Monthly,2007-01-01,,NPS,80.81768859276066
Monthly,2007-02-01,,NPS,82.36852062704787
Monthly,2007-03-01,,NPS,82.36838678487761
Monthly,2007-04-01,,NPS,81.39310326611194
Monthly,2007-05-01,,NPS,81.1170305430306
Monthly,2007-06-01,,NPS,83.00509572849859
Monthly,2007-07-01,,NPS,83.9009635099258
Monthly,2007-08-01,,NPS,83.61539666435985
Monthly,2007-09-01,,NPS,83.72440458965114
Monthly,2007-10-01,,NPS,81.83244641746363
Monthly,2007-11-01,,NPS,79.58098640533497
Monthly,2007-12-01,,NPS,77.45056039597013
Monthly,2008-01-01,,NPS,77.28653104856848
Monthly,2008-02-01,,NPS,77.96124574373154
Monthly,2008-03-01,,NPS,79.12466645335451
Monthly,2008-04-01,,NPS,78.85774622733112
Monthly,2008-05-01,,NPS,78.93695817428124
Monthly,2008-06-01,,NPS,77.91212448570917
Monthly,2008-07-01,,NPS,78.0598943392687
Monthly,2008-08-01,,NPS,74.24724556884239
Monthly,2008-09-01,,NPS,73.42368885624006
Monthly,2008-10-01,,NPS,72.27274939424639
Monthly,2008-11-01,,NPS,76.05329141617655
Monthly,2008-12-01,,NPS,75.54819774818746
Monthly,2009-01-01,,NPS,77.24966176841741
Monthly,2009-02-01,,NPS,75.26920867071334
Monthly,2009-03-01,,NPS,77.55435100260536
Monthly,2009-04-01,,NPS,76.93243249222589
Monthly,2009-05-01,,NPS,76.81121338324952
Monthly,2009-06-01,,NPS,76.12703000632088
Monthly,2009-07-01,,NPS,73.05742660941196
Monthly,2009-08-01,,NPS,73.30509782677929
Monthly,2009-09-01,,NPS,72.17265615956956
Monthly,2009-10-01,,NPS,74.04500956935199
Monthly,2009-11-01,,NPS,72.99603693919143
Monthly,2009-12-01,,NPS,71.74707401559188
Monthly,2010-01-01,,NPS,71.4319120901287
Monthly,2010-02-01,,NPS,72.03221077695129
Monthly,2010-03-01,,NPS,70.1009539660077
Monthly,2010-04-01,,NPS,70.69313849910382
Monthly,2010-05-01,,NPS,70.23084923633951
Monthly,2010-06-01,,NPS,71.90659932330901
Monthly,2010-07-01,,NPS,69.36338693963381
Monthly,2010-08-01,,NPS,66.86392336963972
Monthly,2010-09-01,,NPS,66.26525576905568
Monthly,2010-10-01,,NPS,63.58448857232512
Monthly,2010-11-01,,NPS,63.93394279101343
Monthly,2010-12-01,,NPS,61.056055244201296
Monthly,2011-01-01,,NPS,61.98944713197843
Monthly,2011-02-01,,NPS,60.26673389667636
Monthly,2011-03-01,,NPS,62.696261855076706
Monthly,2011-04-01,,NPS,62.85442447367803
Monthly,2011-05-01,,NPS,64.16887192492429
Monthly,2011-06-01,,NPS,62.11646438227851
Monthly,2011-07-01,,NPS,62.836737230899196
Monthly,2011-08-01,,NPS,63.31390845831701
Monthly,2011-09-01,,NPS,64.185997901303
Monthly,2011-10-01,,NPS,63.16387947165439
Monthly,2011-11-01,,NPS,61.989509241055714
Monthly,2011-12-01,,NPS,57.732774747697896
Monthly,2012-01-01,,NPS,56.256694709471475
Monthly,2012-02-01,,NPS,54.14992180175014
Monthly,2012-03-01,,NPS,55.1559000217541
Monthly,2012-04-01,,NPS,55.46930795368929
Monthly,2012-05-01,,NPS,55.34303907607432
Monthly,2012-06-01,,NPS,54.98401861045102
Monthly,2012-07-01,,NPS,54.06455798836498
Monthly,2012-08-01,,NPS,53.28573207629
Monthly,2012-09-01,,NPS,54.52561042936194
Monthly,2012-10-01,,NPS,52.00528396693375
Monthly,2006-07-01,,CSAT,4.220238095238095
Monthly,2006-08-01,,CSAT,4.279100529100528
Monthly,2006-09-01,,CSAT,4.272273915952077
Monthly,2006-10-01,,CSAT,4.274618793296955
Monthly,2006-11-01,,CSAT,4.291191525449396
Monthly,2006-12-01,,CSAT,4.27242200847378
Monthly,2007-01-01,,CSAT,4.334401247872375
Monthly,2007-02-01,,CSAT,4.36385364095166
Monthly,2007-03-01,,CSAT,4.394332928042219
Monthly,2007-04-01,,CSAT,4.369803660055861
Monthly,2007-05-01,,CSAT,4.361478823765556
Monthly,2007-06-01,,CSAT,4.406592460129192
Monthly,2007-07-01,,CSAT,4.446390377440255
Monthly,2007-08-01,,CSAT,4.426860140271034
Monthly,2007-09-01,,CSAT,4.441329837240731
Monthly,2007-10-01,,CSAT,4.395497368540448
Monthly,2007-11-01,,CSAT,4.34887438466948
Monthly,2007-12-01,,CSAT,4.322777502709569
Monthly,2008-01-01,,CSAT,4.339918949342141
Monthly,2008-02-01,,CSAT,4.395293532184701
Monthly,2008-03-01,,CSAT,4.391045586558405
Monthly,2008-04-01,,CSAT,4.3693952117215895
Monthly,2008-05-01,,CSAT,4.3684900929467085
Monthly,2008-06-01,,CSAT,4.357762352749821
Monthly,2008-07-01,,CSAT,4.374067583419087
Monthly,2008-08-01,,CSAT,4.316723643250107
Monthly,2008-09-01,,CSAT,4.327695861993061
Monthly,2008-10-01,,CSAT,4.309843553753327
Monthly,2008-11-01,,CSAT,4.338705668167215
Monthly,2008-12-01,,CSAT,4.30636143067709
Monthly,2009-01-01,,CSAT,4.329490520285204
Monthly,2009-02-01,,CSAT,4.311309290354684
Monthly,2009-03-01,,CSAT,4.326276730296635
Monthly,2009-04-01,,CSAT,4.302666243902983
Monthly,2009-05-01,,CSAT,4.31698662911915
Monthly,2009-06-01,,CSAT,4.30998146561381
Monthly,2009-07-01,,CSAT,4.2803776184252165
Monthly,2009-08-01,,CSAT,4.2905617816171056
Monthly,2009-09-01,,CSAT,4.2949041890343596
Monthly,2009-10-01,,CSAT,4.342965070601857
Monthly,2009-11-01,,CSAT,4.322171379357095
Monthly,2009-12-01,,CSAT,4.309720686692684
Monthly,2010-01-01,,CSAT,4.296059368997593
Monthly,2010-02-01,,CSAT,4.319388333610962
Monthly,2010-03-01,,CSAT,4.295375348081789
Monthly,2010-04-01,,CSAT,4.297829036754351
Monthly,2010-05-01,,CSAT,4.2833465796552135
Monthly,2010-06-01,,CSAT,4.295986251360558
Monthly,2010-07-01,,CSAT,4.249636059151151
Monthly,2010-08-01,,CSAT,4.19540724607764
Monthly,2010-09-01,,CSAT,4.176224011352185
Monthly,2010-10-01,,CSAT,4.148333701289817
Monthly,2010-11-01,,CSAT,4.166175177050235
Monthly,2010-12-01,,CSAT,4.1294282228917805
Monthly,2011-01-01,,CSAT,4.135596372956864
Monthly,2011-02-01,,CSAT,4.093112138590711
Monthly,2011-03-01,,CSAT,4.1247184031812685
Monthly,2011-04-01,,CSAT,4.127126133333948
Monthly,2011-05-01,,CSAT,4.154765876398045
Monthly,2011-06-01,,CSAT,4.140211472794266
Monthly,2011-07-01,,CSAT,4.141452333546426
Monthly,2011-08-01,,CSAT,4.153752245595679
Monthly,2011-09-01,,CSAT,4.167038600607753
Monthly,2011-10-01,,CSAT,4.166248622422059
Monthly,2011-11-01,,CSAT,4.144532944066285
Monthly,2011-12-01,,CSAT,4.09930069052276
Monthly,2012-01-01,,CSAT,4.090584158464217
Monthly,2012-02-01,,CSAT,4.080033628848931
Monthly,2012-03-01,,CSAT,4.086432116560555
Monthly,2012-04-01,,CSAT,4.100515885574298
Monthly,2012-05-01,,CSAT,4.111232559470164
Monthly,2012-06-01,,CSAT,4.123776124524011
Monthly,2012-07-01,,CSAT,4.121599724805914
Monthly,2012-08-01,,CSAT,4.1253547701765205
Monthly,2012-09-01,,CSAT,4.141229370114536
Monthly,2012-10-01,,CSAT,4.154254361848772
Product,,7310172001,NPS,87.69122146387386
Product,,B00004CI84,NPS,62.093023255813954
Product,,B00004CXX9,NPS,94.82439926062847
Product,,B00004RAMY,NPS,75.8283693224125
Product,,B00004RYGX,NPS,56.97556310812186
Product,,B000084E6V,NPS,2.5390625
Product,,B000084ETV,NPS,58.02228727832171
Product,,B000084EZ4,NPS,80.89816571790007
Product,,B00008CQVA,NPS,88.17393048798836
Product,,B00014DXCC,NPS,90.97041482976576
Product,,B00014JYNO,NPS,100.0
Product,,B0001ES9F8,NPS,96.60056657223795
Product,,B0001ES9FI,NPS,92.56698357821953
Product,,B00020HHAO,NPS,93.3142311365807
Product,,B00020HHE0,NPS,94.25620336420585
Product,,B00020HHGS,NPS,86.06965174129353
Product,,B00020HHHC,NPS,79.05412292324941
Product,,B00020HHK4,NPS,80.16503191654988
Product,,B00020HHM2,NPS,75.87835678154855
Product,,B00020HHRW,NPS,96.29872330810079
Product,,B000255OIG,NPS,82.60869565217392
Product,,B0002ARQYQ,NPS,72.8813559322034
Product,,B0002DGRPC,NPS,59.776536312849146
Product,,B0002DGRQ6,NPS,83.4710743801653
Product,,B0002DGRRA,NPS,75.1483870967742
Product,,B0002DGRSY,NPS,83.72591006423983
Product,,B0002DGRZC,NPS,71.73913043478262
Product,,B0006I5M2M,NPS,77.62148337595907
Product,,B0006MWNP2,NPS,95.24240105724421
Product,,B00073IVAQ,NPS,94.47679671985127
Product,,B00073JVFU,NPS,77.0429305486491
Product,,B0007A0AQM,NPS,54.513909944144615
Product,,B0007A0AQW,NPS,63.81464240147502
Product,,B0007NOWMM,NPS,90.60927892677473
Product,,B0008IT4OM,NPS,30.900611665312404
Product,,B0009ETA6W,NPS,48.18633671742808
Product,,B0009ETA76,NPS,42.60929270600451
Product,,B0009F3POY,NPS,84.59074847334749
Product,,B0009XQWDM,NPS,52.196507117536804
Product,,B0009YJ4CW,NPS,21.51898734177216
Product,,B000BRR8VQ,NPS,43.09774436090226
Product,,B000CNB4LE,NPS,8.075220351082587
Product,,B000CPZSC8,NPS,90.14084507042254
Product,,B000CQBZOW,NPS,90.06479481641466
Product,,B000CQBZPG,NPS,74.28672067629446
Product,,B000CQC050,NPS,89.07103825136612
Product,,B000CQC05K,NPS,93.63395225464191
Product,,B000CQC05U,NPS,81.22411412793372
Product,,B000CQC064,NPS,80.33898305084747
Product,,B000CQC08C,NPS,92.59506852132776
Product,,B000CQE3HS,NPS,62.8050975450696
Product,,B000CQE3IC,NPS,38.824503311258276
Product,,B000CQE3NM,NPS,71.15384615384615
Product,,B000CQG87Q,NPS,84.94271685761048
Product,,B000CQG89Y,NPS,89.92805755395685
Product,,B000CQG8AS,NPS,90.25182778229083
Product,,B000CQG8B2,NPS,65.26138279932547
Product,,B000CQG8K8,NPS,77.11345577699623
Product,,B000CQG8KS,NPS,67.84891754951636
Product,,B000CQID1A,NPS,16.975642508112948
Product,,B000CQID1K,NPS,31.241942415126783
Product,,B000CQID6U,NPS,85.22167487684729
Product,,B000CQIDHE,NPS,74.75728155339807
Product,,B000CQIDHO,NPS,81.6915422885572
Product,,B000CQIDHY,NPS,78.02197802197801
Product,,B000DZDJ0K,NPS,82.10192205960148
Product,,B000DZFMEQ,NPS,83.26359832635984
Product,,B000E8WIAS,NPS,49.04698143061239
Product,,B000EDDS6Q,NPS,88.29268292682927
Product,,B000EMU2BG,NPS,73.91304347826086
Product,,B000ENUC3S,NPS,89.45736738465999
Product,,B000EQVAFY,NPS,6.155950752393982
Product,,B000ESLJ6C,NPS,58.874180696568565
Product,,B000ET4SM8,NPS,86.74211802748586
Product,,B000EVG8FQ,NPS,82.6086956521739
Product,,B000EVG8H4,NPS,79.74683544303798
Product,,B000EVG8HY,NPS,100.0
Product,,B000EVOSE4,NPS,81.53311540289465
Product,,B000F6SNPS,NPS,-46.95431472081218
Product,,B000FA38ZY,NPS,85.10427010923534
Product,,B000FFIL92,NPS,52.97606595705409
Product,,B000FFLHSY,NPS,28.322068140171595
Product,,B000FI2VHM,NPS,-6.16340086913951
Product,,B000FI61OQ,NPS,-17.535913381970943
Product,,B000FL08B0,NPS,95.8904109589041
Product,,B000FMZO8G,NPS,76.0371135126438
Product,,B000FMZO90,NPS,77.88404064554693
Product,,B000FNB3AI,NPS,54.09836065573771
Product,,B000FNEX8C,NPS,73.78004369992716
Product,,B000FNH1C2,NPS,100.0
Product,,B000FVBYCW,NPS,91.02564102564102
Product,,B000FVDWU4,NPS,79.85868246377846
Product,,B000G6MBUA,NPS,33.7651821862348
Product,,B000G6O2QG,NPS,53.625118947364584
Product,,B000G6RYNE,NPS,42.67820477354424
Product,,B000GAT6MM,NPS,74.26715259071463
Product,,B000GAT6NG,NPS,94.61725748987092
Product,,B000H0ZJHW,NPS,22.091213996749765
Product,,B000H0ZJIG,NPS,77.12765957446808
Product,,B000H1217M,NPS,32.1870065954492
Product,,B000H7LVKY,NPS,80.20253164556962
Product,,B000HDI5O8,NPS,67.95530323510859
Product,,B000HDK0D2,NPS,84.01886573952224
Product,,B000HDK0DC,NPS,78.11375829958683
Product,,B000I1OLT2,NPS,77.11622643288825
Product,,B000IHNCQO,NPS,-8.396946564885491
Product,,B000ILILLQ,NPS,100.0
Product,,B000JOE224,NPS,56.000000000000014
Product,,B000KV61FC,NPS,50.602790930967146
Product,,B000KV7ZGQ,NPS,51.169857186265574
Product,,B000LKVD5U,NPS,87.6944837340877
Product,,B000LKVL16,NPS,82.01619564199288
Product,,B000LKXBL4,NPS,67.27844782380701
Product,,B000LKXJEI,NPS,77.8318276580959
Product,,B000LQORDE,NPS,72.71213734249615
Product,,B000M0F58U,NPS,62.978283350568766
Product,,B000NBQUNW,NPS,68.64648422790647
Product,,B000NIFO96,NPS,59.50920245398773
Product,,B000NMJWZO,NPS,93.15300680707364
Product,,B000OQ2DJQ,NPS,88.4911362208571
Product,,B000OQ2DL4,NPS,87.31509036341974
Product,,B000PDWBKO,NPS,84.10958904109589
Product,,B000PDY3HI,NPS,55.71812278680541
Product,,B000PDY3P0,NPS,47.67969758881852
Product,,B000Q5X876,NPS,52.77777777777778
Product,,B000Q5X8DK,NPS,73.25734327049538
Product,,B000Q611U6,NPS,86.30338733431518
Product,,B000QSON4K,NPS,55.263157894736835
Product,,B000REI2X6,NPS,46.71532846715329
Product,,B000RI1W8E,NPS,52.07207316945147
Product,,B000SATIZA,NPS,79.70540098199673
Product,,B000SDKDM4,NPS,35.41257874625633
Product,,B000TQEWM2,NPS,60.56338028169015
Product,,B000UBD88A,NPS,45.13281733863767
Product,,B000UUWECC,NPS,44.10451322191544
Product,,B000V17MLS,NPS,91.8282378872607
Product,,B000VK08OC,NPS,87.02673301471519
Product,,B000VK4K3W,NPS,53.94079200307572
Product,,B000VK8AVK,NPS,65.19642676947981
Product,,B000WB1YSE,NPS,67.26507678546683
Product,,B000WFEN74,NPS,73.1476323119777
Product,,B000WFKI82,NPS,86.39661426844015
Product,,B000WFN0VO,NPS,59.48546201857208
Product,,B000WFORH0,NPS,77.46840080600845
Product,,B000WFPJIG,NPS,81.57894736842105
Product,,B000WFRQQ4,NPS,77.01149425287358
Product,,B000WFUL3E,NPS,82.62905014167795
Product,,B000WVY4PE,NPS,93.40875558536635
Product,,B000WVYB8Y,NPS,84.97704276619969
Product,,B000X1Q1G8,NPS,-79.08407382091593
Product,,B000YSRK7E,NPS,82.11624441132638
Product,,B000YSS7EO,NPS,8.70337477797513
Product,,B000YSTIL0,NPS,92.65306122448979
Product,,B001181NBA,NPS,94.6236559139785
Product,,B00125ZCWI,NPS,84.47637535643628
Product,,B0012BUR8Q,NPS,85.43046357615893
Product,,B0012C7VLG,NPS,82.89995208850559
Product,,B0012NUVN0,NPS,51.35135135135135
Product,,B0012V1G0Y,NPS,44.13793103448276
Product,,B0012XBD7I,NPS,63.647582765466545
Product,,B00139TT72,NPS,75.68043907000592
Product,,B00139ZPKM,NPS,73.93117831074035
Product,,B0013A0QXC,NPS,79.51145616360539
Product,,B0013NUGDE,NPS,72.64107538408268
Product,,B00141OU50,NPS,-43.105067765297086
Product,,B00141OX52,NPS,13.44051446945338
Product,,B00141UC9I,NPS,-14.98080741230974
Product,,B00141WDXG,NPS,-28.725512769556115
Product,,B00142BX68,NPS,88.82057086746653
Product,,B0014ATRV8,NPS,92.43924392439244
Product,,B0014AUJII,NPS,90.0629539951574
Product,,B0014B0HWK,NPS,95.944786711378
Product,,B0014X5O1C,NPS,53.20312338186864
Product,,B0015MY6PC,NPS,60.0
Product,,B0016B7Z32,NPS,72.83806635955449
Product,,B0016PC4TS,NPS,9.090909090909093
Product,,B00188S3PM,NPS,87.09677419354838
Product,,B0018KLPFK,NPS,79.39967019355099
Product,,B0018KR8V0,NPS,87.73859924117016
Product,,B0019QT66I,NPS,84.27943490566756
Product,,B001AHFVHO,NPS,85.13011152416357
Product,,B001AHJ2D8,NPS,93.93939393939394
Product,,B001AHJ2FQ,NPS,87.8048780487805
Product,,B001AIQP8M,NPS,64.14234700160078
Product,,B001AJ1ULS,NPS,-19.359719513964833
Product,,B001AS1A4Q,NPS,69.1242168925292
Product,,B001B4VOQI,NPS,98.15910585141353
Product,,B001BCVY4W,NPS,73.62103458130895
Product,,B001BCVY9W,NPS,84.27109974424553
Product,,B001BCXTGS,NPS,66.0885167464115
Product,,B001BDDT8K,NPS,67.0510708401977
Product,,B001BDDTB2,NPS,80.0
Product,,B001BM3C0Q,NPS,19.683481701285846
Product,,B001BS4G6O,NPS,86.66666666666667
Product,,B001CWV4RS,NPS,89.95276942893946
Product,,B001D09KAM,NPS,50.1121299710954
Product,,B001D0DMME,NPS,68.41541755888652
Product,,B001D0DMMY,NPS,68.84924524603018
Product,,B001D0GV90,NPS,80.93487394957984
Product,,B001D0GVAO,NPS,68.69009584664538
Product,,B001D0IZBM,NPS,89.21832884097036
Product,,B001E0TBA0,NPS,79.42330129451636
Product,,B001E18K8S,NPS,92.80265867971468
Product,,B001E5E0D8,NPS,51.60900672097131
Product,,B001E5E3JY,NPS,69.35483870967741
Product,,B001E8DHPW,NPS,98.10154344124572
Product,,B001ELL60W,NPS,95.71788413098237
Product,,B001EO5Q64,NPS,98.79418745789008
Product,,B001EO5U3I,NPS,89.18594961305458
Product,,B001EO5Y8Y,NPS,59.36475926392739
Product,,B001EO77FC,NPS,89.06258551463016
Product,,B001EO77FW,NPS,65.65639206986519
Product,,B001EQ4OWO,NPS,-29.953917050691242
Product,,B001EQ4P2I,NPS,100.0
Product,,B001EQ4QJK,NPS,100.0
Product,,B001EQ4RBM,NPS,87.5
Product,,B001EQ55RW,NPS,60.89241558069824
Product,,B001EQ55ZO,NPS,-17.337461300309606
Product,,B001EQ5JLE,NPS,80.29490616621985
Product,,B001EQ5JLY,NPS,89.68692449355432
Product,,B001EYUE5M,NPS,50.929368029739784
Product,,B001FCFYU8,NPS,77.1667891552316
Product,,B001FSJCPK,NPS,41.66666666666667
Product,,B001GCTTRQ,NPS,97.50186747651878
Product,,B001GINOQC,NPS,100.0
Product,,B001GL6GBE,NPS,76.7721812328544
Product,,B001HTKOWC,NPS,69.67104393331314
Product,,B001J9QBU4,NPS,82.76794117986958
Product,,B001KQAR24,NPS,87.43180772517144
Product,,B001KTA03C,NPS,80.3157894736842
Product,,B001KVPBS4,NPS,100.0
Product,,B001L4JH5I,NPS,86.0
Product,,B001LG940E,NPS,44.306930693069305
Product,,B001LG945O,NPS,-28.17391304347826
Product,,B001LGGH40,NPS,1.595744680851064
Product,,B001LGGH54,NPS,17.11026615969582
Product,,B001LNTY70,NPS,100.0
Product,,B001LQCOIS,NPS,17.046470292096046
Product,,B001M2BM4I,NPS,63.0491408656912
Product,,B001NXHY8Y,NPS,82.90155440414509
Product,,B001NXM3GM,NPS,72.72375099744723
Product,,B001OCKIP0,NPS,92.42424242424242
Product,,B001OHX1ZY,NPS,61.52082944641381
Product,,B001P05K7M,NPS,100.0
Product,,B001P05K8Q,NPS,100.0
Product,,B001P3NU30,NPS,-8.258381030253478
Product,,B001P3NU3U,NPS,35.04273504273505
Product,,B001P3PR54,NPS,91.41817983680919
Product,,B001P74NXM,NPS,44.65401981865089
Product,,B001QE7J2G,NPS,54.19060844604968
Product,,B001RVFDOO,NPS,34.76222980798306
Product,,B001RVFEP2,NPS,87.19689621726481
Product,,B001RVFERK,NPS,63.41119256935479
Product,,B001SAXPEO,NPS,76.05011053795135
Product,,B001TLY7A8,NPS,74.56765005086471
Product,,B001TLY7BM,NPS,38.63968015742824
Product,,B001TM70V0,NPS,47.111934523111564
Product,,B001TM70XS,NPS,42.70320984846331
Product,,B001ULOTKU,NPS,25.73860834015185
Product,,B001VJ0B0I,NPS,77.70034843205575
Product,,B00248EE4O,NPS,83.33333333333334
Product,,B0026KNQSA,NPS,75.83177570093457
Product,,B0026KPDG8,NPS,61.57872011835139
Product,,B0026RQTGE,NPS,82.1325323115707
Product,,B00271OPVU,NPS,62.192816635160675
Product,,B0029NGY4M,NPS,59.44055944055945
Product,,B0029NTQ1K,NPS,84.0
Product,,B0029XDZDK,NPS,62.96296296296296
Product,,B0029XDZKI,NPS,49.839228295819936
Product,,B0029XLH4Y,NPS,55.67166231266329
Product,,B0029ZAOW8,NPS,76.50666776007158
Product,,B002AK88SY,NPS,-18.331550750337808
Product,,B002AQ0OL2,NPS,25.594149908592318
Product,,B002AQ0OS0,NPS,40.90909090909089
Product,,B002AQ0OW6,NPS,21.757322175732224
Product,,B002D4DY8G,NPS,10.309278350515463
Product,,B002DHTWNO,NPS,39.73908680381334
Product,,B002DLXXHG,NPS,24.49487960143926
Product,,B002GJ9JWS,NPS,75.14534883720928
Product,,B002GJ9JY6,NPS,90.75829383886256
Product,,B002GKEK7G,NPS,83.57487922705313
Product,,B002HFPW6I,NPS,-7.628034176615263
Product,,B002IEVJRY,NPS,34.42622950819672
Product,,B002IEZJMA,NPS,25.265352718627053
Product,,B002LANN56,NPS,20.545073375262053
Product,,B002LN1ME2,NPS,97.7769210006723
Product,,B002NHYQAS,NPS,-50.0
Product,,B002OL2MWM,NPS,86.74698795180724
Product,,B002QGK2V8,NPS,-27.62364294330519
Product,,B002QWHJOU,NPS,87.00685019317818
Product,,B002QWP89S,NPS,68.98079763663222
Product,,B002QWP8H0,NPS,74.56840086811891
Product,,B002T0NXK8,NPS,-23.530837455433463
Product,,B002TSA91G,NPS,-2.32558139534884
Product,,B002TSA91Q,NPS,7.142857142857145
Product,,B002YJ0118,NPS,59.87098344693281
Product,,B002ZX1U9A,NPS,60.07604562737643
Product,,B00305L330,NPS,50.868203663058196
Product,,B0030VBPN2,NPS,84.61538461538461
Product,,B0030VBQ5Y,NPS,100.0
Product,,B0030VBRIU,NPS,30.952380952380953
Product,,B0030VJ70K,NPS,100.0
Product,,B0030VJ79Q,NPS,100.0
Product,,B0030VJ818,NPS,2.752293577981653
Product,,B0030VJ8PE,NPS,77.77777777777779
Product,,B0030VJ8YU,NPS,-3.591879229567929
Product,,B0030VJ97Q,NPS,6.643952299829642
Product,,B0030VJ9K8,NPS,38.46153846153847
Product,,B00315WGNK,NPS,25.373134328358216
Product,,B0031U9UZC,NPS,40.55459272097055
Product,,B0032B0BD0,NPS,49.866764678856924
Product,,B0032CB15Q,NPS,61.01265822784809
Product,,B0032CJPOK,NPS,39.464367013980926
Product,,B0033HPPIO,NPS,-53.603874297430096
Product,,B0034EDLS2,NPS,44.46865786437637
Product,,B0034EDM2W,NPS,53.846153846153854
Product,,B0034EDMCW,NPS,76.25231910946195
Product,,B0034EDMLI,NPS,44.17939511957646
Product,,B0034EFIYC,NPS,39.67661691542288
Product,,B00370CFR6,NPS,82.6086956521739
Product,,B0039556K2,NPS,42.222222222222236
Product,,B00395570G,NPS,77.27272727272727
Product,,B00395DVQS,NPS,34.82740980731286
Product,,B0039LVLS2,NPS,79.55145118733509
Product,,B0039ZOZ86,NPS,82.87461773700306
Product,,B003AZ2ECY,NPS,80.72139303482587
Product,,B003B3OOPA,NPS,98.17700148327656
Product,,B003CIBPN8,NPS,-12.571650913151188
Product,,B003CK0XC0,NPS,86.31178707224333
Product,,B003CK2BQG,NPS,79.35779816513761
Product,,B003CK7O36,NPS,79.1384317521781
Product,,B003D4F1QS,NPS,88.60103626943005
Product,,B003D4IYSU,NPS,70.03968253968256
Product,,B003D4MW38,NPS,83.47010550996484
Product,,B003D4MYLS,NPS,86.060918946825
Product,,B003E728CE,NPS,20.519480519480524
Product,,B003EM7J9Q,NPS,49.57708858881139
Product,,B003EML8PM,NPS,61.45553884330744
Product,,B003FDC2I2,NPS,89.96115924708694
Product,,B003FDG4K4,NPS,100.0
Product,,B003G52BN0,NPS,30.769230769230766
Product,,B003GTR8IO,NPS,45.94742606790799
Product,,B003JA5KBW,NPS,62.71186440677966
Product,,B003JA5KKS,NPS,50.000000000000014
Product,,B003JA5KLM,NPS,100.0
Product,,B003KRHDMI,NPS,65.69468267581475
Product,,B003QDRJXY,NPS,100.0
Product,,B003QNJYXM,NPS,64.10220459016833
Product,,B003QNLUTI,NPS,65.46196446235658
Product,,B003SSWCJI,NPS,92.54938984084644
Product,,B003TC7WN4,NPS,63.96987835489478
Product,,B003TNANSO,NPS,64.48354512870642
Product,,B003VXFK44,NPS,54.452815044728794
Product,,B003VXHGDM,NPS,43.78540855761639
Product,,B003VXHGE6,NPS,53.09949683127526
Product,,B003VXHGPK,NPS,56.359649122807035
Product,,B003VXL0V6,NPS,44.49778606385458
Product,,B003XDH6M6,NPS,33.587786259541986
Product,,B003YBLF2E,NPS,57.32574679943101
Product,,B003Z6W32E,NPS,84.70588235294117
Product,,B003Z6ZGZK,NPS,83.62776810151779
Product,,B003Z6ZGZU,NPS,58.45712558664699
Product,,B003ZT61E2,NPS,-14.285714285714285
Product,,B00412W76S,NPS,73.70228915952055
Product,,B0041CIP3M,NPS,60.0
Product,,B0041CIR62,NPS,-25.0
Product,,B0041NYV8E,NPS,-30.66666666666667
Product,,B00430B73W,NPS,76.99481865284976
Product,,B00438XVGU,NPS,74.05008290783374
Product,,B004391DK0,NPS,66.50338947729392
Product,,B0043WOANY,NPS,100.0
Product,,B0044CPA28,NPS,60.0
Product,,B00451WLYI,NPS,82.909604519774
Product,,B0045XE32E,NPS,66.62763466042153
Product,,B0045Z6K50,NPS,52.38095238095239
Product,,B004728MI4,NPS,70.140377683766
Product,,B00472I5A4,NPS,46.56841572814799
Product,,B00474CSVE,NPS,68.68098775346316
Product,,B004779XNW,NPS,94.81865284974094
Product,,B0047RQ9M0,NPS,39.79496738117428
Product,,B0049ULB78,NPS,92.44808055380743
Product,,B004BKLHOS,NPS,60.43956043956044
Product,,B004CLCEDE,NPS,52.78722326325558
Product,,B004CYLW7A,NPS,59.09090909090909
Product,,B004E4CCSQ,NPS,22.15909090909091
Product,,B004E4EBMG,NPS,29.390934844192635
Product,,B004E4HUMY,NPS,17.647058823529413
Product,,B004EAGP74,NPS,92.32818947412531
Product,,B004FEJ968,NPS,60.0
Product,,B004FELBH8,NPS,49.180327868852466
Product,,B004FEN3GA,NPS,100.0
Product,,B004FEN3GK,NPS,100.0
Product,,B004FGWU9O,NPS,47.12449504223283
Product,,B004GW6O9E,NPS,75.72186956724464
Product,,B004HOLD4W,NPS,84.78015783540022
Product,,B004HOLD60,NPS,85.70326065984949
Product,,B004HOLD92,NPS,95.60669456066945
Product,,B004HOOZEW,NPS,96.06003752345215
Product,,B004HOQE64,NPS,92.75970619097585
Product,,B004HOSGWE,NPS,100.0
Product,,B004JGQ15E,NPS,51.42857142857144
Product,,B004JRKEH4,NPS,32.87671232876713
Product,,B004JRMG98,NPS,-48.073701842546065
Product,,B004JRO1S2,NPS,23.076923076923077
Product,,B004JRXZKM,NPS,27.30602626511854
Product,,B004K30HO2,NPS,-11.764705882352938
Product,,B004M62D5S,NPS,100.0
Product,,B004MO6NI8,NPS,38.18639094592706
Product,,B004OAZ36I,NPS,8.759011762917284
Product,,B004OQBC8K,NPS,85.68994889267462
Product,,B004OVWQDA,NPS,87.8968253968254
Product,,B004P4POZ8,NPS,94.30965166296494
Product,,B004P4TL8E,NPS,39.45453253183832
Product,,B004Q3LBTG,NPS,32.196289250227025
Product,,B004R8J8E0,NPS,55.22388059701492
Product,,B004SRFYMK,NPS,4.456176353696188
Product,,B004SRH2B6,NPS,2.3218414231833955
Product,,B004T3QMD8,NPS,70.0
Product,,B004TJF3BE,NPS,-73.15068493150686
Product,,B004TPKAN4,NPS,79.05236907730672
Product,,B004U43ZO0,NPS,33.33333333333333
Product,,B004U49QU2,NPS,-31.343283582089555
Product,,B004WTHCO2,NPS,23.789132413509144
Product,,B004X3VRLG,NPS,45.45454545454545
Product,,B004YV80O4,NPS,64.21052631578948
Product,,B004YV80OE,NPS,-29.853181076672104
Product,,B004ZIER34,NPS,19.35483870967742
Product,,B0051COPH6,NPS,89.49999999999999
Product,,B0058AMY10,NPS,64.1025641025641
Product,,B0058AMY5G,NPS,64.22599442614644
Product,,B0058AMY74,NPS,62.43780769682802
Product,,B0058AMYTC,NPS,69.46594294270217
Product,,B005A1LGIY,NPS,50.0
Product,,B005A1LINC,NPS,63.63636363636363
Product,,B005A1LJ04,NPS,-7.023411371237461
Product,,B005BRHVD6,NPS,87.1345029239766
Product,,B005CUU23S,NPS,-2.2874773912118296
Product,,B005CUU25G,NPS,18.64406779661017
Product,,B005DFL4PM,NPS,80.14768051406348
Product,,B005GIF5WY,NPS,86.77462887989203
Product,,B005GRCWDU,NPS,85.92905088928656
Product,,B005GTWCTM,NPS,81.35788262370541
Product,,B005GX00BK,NPS,44.124156120536725
Product,,B005GX8MMO,NPS,77.31193026610602
Product,,B005GXHKSG,NPS,87.98252002913328
Product,,B005HG9ERW,NPS,52.176349710442736
Product,,B005HG9ESG,NPS,43.32307692307692
Product,,B005HG9ET0,NPS,79.45205479452055
Product,,B005HGAV8I,NPS,12.974320954370821
Product,,B005IW4WFY,NPS,51.35135135135136
Product,,B005K4Q1RW,NPS,-48.20143884892086
Product,,B005K4Q1T0,NPS,39.47990543735225
Product,,B005K4Q1VI,NPS,29.297285924679155
Product,,B005K4Q1W2,NPS,-9.904153354632584
Product,,B005K4Q1YA,NPS,10.461886637177251
Product,,B005K4Q34S,NPS,25.290340210411262
Product,,B005K4Q37A,NPS,11.35275789392826
Product,,B005K4Q4KG,NPS,26.79085322109444
Product,,B005K4Q4LK,NPS,2.2447149701801417
Product,,B005K4Q68Q,NPS,41.302408563782336
Product,,B005P6TCGW,NPS,48.17518248175183
Product,,B005PANYEY,NPS,22.147651006711413
Product,,B005SPQENY,NPS,37.93103448275862
Product,,B005V9UG18,NPS,74.10932825673103
Product,,B005VOOKS8,NPS,38.173018753781015
Product,,B005VOOL00,NPS,43.838604143947656
Product,,B005VOOLXM,NPS,20.04568817818389
Product,,B005VOOM2W,NPS,44.93106244931062
Product,,B005VOOM4A,NPS,38.106829184112776
Product,,B005VOOM5E,NPS,37.589158345221115
Product,,B005VOONGM,NPS,46.35897435897436
Product,,B005VOONI0,NPS,36.47540983606557
Product,,B005VOONKI,NPS,37.410071942446045
Product,,B005VOONLW,NPS,11.890751637615184
Product,,B005VOONM6,NPS,30.01765744555621
Product,,B005ZBZLPI,NPS,63.26530612244897
Product,,B005ZBZLSU,NPS,76.84646330508144
Product,,B005ZBZLT4,NPS,74.67187817162872
Product,,B005ZBZM52,NPS,76.17021276595743
Product,,B0061IUIDY,NPS,50.74626865671642
Product,,B0062A87HA,NPS,68.38458207016025
Product,,B006GA666U,NPS,92.59079903147699
Product,,B006HYLW32,NPS,86.3830913824295
Product,,B006J4MAIQ,NPS,89.8576512455516
Product,,B006J4MAUE,NPS,91.70506912442397
Product,,B006MONQMC,NPS,12.71970397779834
Product,,B006N3HYYS,NPS,81.1377245508982
Product,,B006N3HZ6K,NPS,64.13102119460503
Product,,B006N3I0DM,NPS,76.70547968188987
Product,,B006N3I0N2,NPS,62.94200848656294
Product,,B006N3I1HM,NPS,65.38461538461539
Product,,B006N3I29E,NPS,52.11267605633804
Product,,B006N3I3I4,NPS,76.08695652173914
Product,,B006N3I69A,NPS,-97.62845849802372
Product,,B006N3IE6A,NPS,69.42218139195995
Product,,B006N3IG4K,NPS,47.72648927797905
Product,,B006Q820X0,NPS,2.0395861166848253
Product,,B006WYSFZK,NPS,74.85714285714286
Product,,B0075JTH7Q,NPS,52.36864157469646
Product,,B0076MLL12,NPS,27.764803752555828
Product,,B0078Y6CN0,NPS,74.21875
Product,,B0078Y6OX8,NPS,49.36708860759494
Product,,B007I7YZJK,NPS,-2.71092378510003
Product,,B007I7Z3Z0,NPS,-5.516723990674271
Product,,B007JFMH8M,NPS,50.000000000000014
Product,,B007JFXWRC,NPS,0.0
Product,,B007M832YY,NPS,72.08238466461721
Product,,B007M83302,NPS,56.981797825238765
Product,,B007OXJK3Y,NPS,8.668716650085923
Product,,B007PA30TG,NPS,41.17647058823529
Product,,B007PA30ZU,NPS,87.1566179093828
Product,,B007PA32L2,NPS,60.0
Product,,B007PA33KM,NPS,62.58545680546923
Product,,B007PA33NY,NPS,90.95477386934672
Product,,B007PE7ANY,NPS,80.85106382978722
Product,,B007R900WA,NPS,100.0
Product,,B007RLRCLK,NPS,88.30761007549943
Product,,B007RTR9DS,NPS,-12.361983113227968
Product,,B007RTR9FQ,NPS,52.94117647058824
Product,,B007RTR9G0,NPS,-18.5491671144546
Product,,B007TGDXMK,NPS,76.11370386084005
Product,,B007TGDXMU,NPS,100.0
Product,,B007TGDXNO,NPS,85.05564074085471
Product,,B007TJGY46,NPS,55.58227413260048
Product,,B007TJGY4Q,NPS,65.60509554140127
Product,,B007TJGZ0Y,NPS,10.81081081081081
Product,,B007TJGZ18,NPS,83.72093023255815
Product,,B007TJGZ4A,NPS,64.04494382022472
Product,,B007TJGZ54,NPS,42.43902439024391
Product,,B007Y59HVM,NPS,73.06660347024597
Product,,B00817GPWQ,NPS,47.692307692307686
Product,,B0081XIAOQ,NPS,41.847489150650965
Product,,B0081XIASW,NPS,35.714285714285715
Product,,B0081XIAUK,NPS,42.190305206463194
Product,,B0081XPTBS,NPS,52.46108540176693
Product,,B0083QJU72,NPS,90.56261343012704
Product,,B0083T5TAQ,NPS,6.24071962517399
Product,,B0083T6HC0,NPS,-2.3664379738682
Product,,B008BY7NSE,NPS,98.2905982905983
Product,,B008BY7O9W,NPS,59.14538283487435
Product,,B008CTBK7S,NPS,92.07683073229293
Product,,B008FHUDW0,NPS,68.0672268907563
Product,,B008FHUFAU,NPS,96.56371446103499
Product,,B008FHUGNQ,NPS,61.34913400182316
Product,,B008FHUKE6,NPS,48.5996705107084
Product,,B008GRIB0A,NPS,30.841121495327105
Product,,B008GRONV6,NPS,47.19626168224299
Product,,B008I1XPKA,NPS,-21.694915254237284
Product,,B008J1HO4C,NPS,89.04046988615745
Product,,B008JKSJJ2,NPS,69.03552622717586
Product,,B008JKTH2A,NPS,61.377473363774726
Product,,B008JKTTUA,NPS,70.65902218669898
Product,,B008JKU2CO,NPS,67.66047647573845
Product,,B008O3G25W,NPS,54.495567750105536
Product,,B008O3G2GG,NPS,29.449838187702266
Product,,B008O3G2K2,NPS,42.10526315789473
Product,,B008RWUHA6,NPS,59.485224022878924
Product,,B008RWUKXK,NPS,57.03869882220975
Product,,B008YA1NWC,NPS,-4.347826086956523
Product,,B008ZRKZSM,NPS,86.32937644127342
Product,,B0090X8IPM,NPS,52.84590467376214
Product,,B00954NY46,NPS,91.66666666666666
Product,,B00954NYVY,NPS,100.0
Product,,B0098WV8F2,NPS,84.42097974727366
Product,,B009E7YC54,NPS,85.9537110933759
Product,,B009RB4GO4,NPS,-70.7865168539326
Product,,7310172001,CSAT,4.595238095238095
Product,,B00004CI84,CSAT,4.382352941176471
Product,,B00004CXX9,CSAT,4.594594594594595
Product,,B00004RAMY,CSAT,3.8823529411764706
Product,,B00004RYGX,CSAT,4.325581395348837
Product,,B000084E6V,CSAT,4.025
Product,,B000084ETV,CSAT,3.6666666666666665
Product,,B000084EZ4,CSAT,4.228571428571429
Product,,B00008CQVA,CSAT,4.181818181818182
Product,,B00014DXCC,CSAT,4.516129032258065
Product,,B00014JYNO,CSAT,4.833333333333333
Product,,B0001ES9F8,CSAT,4.417721518987341
Product,,B0001ES9FI,CSAT,4.456521739130435
Product,,B00020HHAO,CSAT,4.555555555555555
Product,,B00020HHE0,CSAT,4.2368421052631575
Product,,B00020HHGS,CSAT,4.166666666666667
Product,,B00020HHHC,CSAT,4.28125
Product,,B00020HHK4,CSAT,4.125
Product,,B00020HHM2,CSAT,3.8055555555555554
Product,,B00020HHRW,CSAT,4.4222222222222225
Product,,B000255OIG,CSAT,4.7272727272727275
Product,,B0002ARQYQ,CSAT,3.8
Product,,B0002DGRPC,CSAT,4.675
Product,,B0002DGRQ6,CSAT,4.717948717948718
Product,,B0002DGRRA,CSAT,4.586956521739131
Product,,B0002DGRSY,CSAT,4.628571428571429
Product,,B0002DGRZC,CSAT,4.636363636363637
Product,,B0006I5M2M,CSAT,4.2
Product,,B0006MWNP2,CSAT,4.387096774193548
Product,,B00073IVAQ,CSAT,4.046511627906977
Product,,B00073JVFU,CSAT,3.7567567567567566
Product,,B0007A0AQM,CSAT,4.458823529411765
Product,,B0007A0AQW,CSAT,4.563218390804598
Product,,B0007NOWMM,CSAT,3.96875
Product,,B0008IT4OM,CSAT,3.888888888888889
Product,,B0009ETA6W,CSAT,3.967741935483871
Product,,B0009ETA76,CSAT,4.0
Product,,B0009F3POY,CSAT,4.22
Product,,B0009XQWDM,CSAT,3.764705882352941
Product,,B0009YJ4CW,CSAT,3.4603174603174605
Product,,B000BRR8VQ,CSAT,4.405405405405405
Product,,B000CNB4LE,CSAT,3.809090909090909
Product,,B000CPZSC8,CSAT,4.818181818181818
Product,,B000CQBZOW,CSAT,4.545454545454546
Product,,B000CQBZPG,CSAT,4.24
Product,,B000CQC050,CSAT,4.644444444444445
Product,,B000CQC05K,CSAT,4.6875
Product,,B000CQC05U,CSAT,4.125
Product,,B000CQC064,CSAT,4.421052631578948
Product,,B000CQC08C,CSAT,4.685185185185185
Product,,B000CQE3HS,CSAT,4.1521739130434785
Product,,B000CQE3IC,CSAT,3.878787878787879
Product,,B000CQE3NM,CSAT,4.560975609756097
Product,,B000CQG87Q,CSAT,4.766666666666667
Product,,B000CQG89Y,CSAT,4.7105263157894735
Product,,B000CQG8AS,CSAT,4.536585365853658
Product,,B000CQG8B2,CSAT,3.9444444444444446
Product,,B000CQG8K8,CSAT,4.090909090909091
Product,,B000CQG8KS,CSAT,4.0638297872340425
Product,,B000CQID1A,CSAT,3.4878048780487805
Product,,B000CQID1K,CSAT,3.774193548387097
Product,,B000CQID6U,CSAT,4.45
Product,,B000CQIDHE,CSAT,4.390243902439025
Product,,B000CQIDHO,CSAT,4.5
Product,,B000CQIDHY,CSAT,4.244897959183674
Product,,B000DZDJ0K,CSAT,4.696969696969697
Product,,B000DZFMEQ,CSAT,4.582089552238806
Product,,B000E8WIAS,CSAT,4.111111111111111
Product,,B000EDDS6Q,CSAT,4.823529411764706
Product,,B000EMU2BG,CSAT,4.354838709677419
Product,,B000ENUC3S,CSAT,4.4941176470588236
Product,,B000EQVAFY,CSAT,3.388888888888889
Product,,B000ESLJ6C,CSAT,4.294117647058823
Product,,B000ET4SM8,CSAT,4.7317073170731705
Product,,B000EVG8FQ,CSAT,4.888888888888889
Product,,B000EVG8H4,CSAT,4.5675675675675675
Product,,B000EVG8HY,CSAT,4.805555555555555
Product,,B000EVOSE4,CSAT,4.213114754098361
Product,,B000F6SNPS,CSAT,3.566666666666667
Product,,B000FA38ZY,CSAT,4.025
Product,,B000FFIL92,CSAT,4.085106382978723
Product,,B000FFLHSY,CSAT,3.4444444444444446
Product,,B000FI2VHM,CSAT,3.135135135135135
Product,,B000FI61OQ,CSAT,2.825
Product,,B000FL08B0,CSAT,4.766666666666667
Product,,B000FMZO8G,CSAT,4.325
Product,,B000FMZO90,CSAT,4.454545454545454
Product,,B000FNB3AI,CSAT,4.09375
Product,,B000FNEX8C,CSAT,4.34375
Product,,B000FNH1C2,CSAT,4.32258064516129
Product,,B000FVBYCW,CSAT,4.243243243243243
Product,,B000FVDWU4,CSAT,4.0
Product,,B000G6MBUA,CSAT,3.739130434782609
Product,,B000G6O2QG,CSAT,4.0
Product,,B000G6RYNE,CSAT,3.6744186046511627
Product,,B000GAT6MM,CSAT,4.34375
Product,,B000GAT6NG,CSAT,4.7317073170731705
Product,,B000H0ZJHW,CSAT,4.441860465116279
Product,,B000H0ZJIG,CSAT,4.701923076923077
Product,,B000H1217M,CSAT,4.461538461538462
Product,,B000H7LVKY,CSAT,4.6
Product,,B000HDI5O8,CSAT,4.111111111111111
Product,,B000HDK0D2,CSAT,4.6415094339622645
Product,,B000HDK0DC,CSAT,4.6716417910447765
Product,,B000I1OLT2,CSAT,4.243243243243243
Product,,B000IHNCQO,CSAT,3.032258064516129
Product,,B000ILILLQ,CSAT,4.454545454545454
Product,,B000JOE224,CSAT,4.4375
Product,,B000KV61FC,CSAT,3.3773584905660377
Product,,B000KV7ZGQ,CSAT,3.2580645161290325
Product,,B000LKVD5U,CSAT,4.145833333333333
Product,,B000LKVL16,CSAT,4.242424242424242
Product,,B000LKXBL4,CSAT,4.0
Product,,B000LKXJEI,CSAT,4.066666666666666
Product,,B000LQORDE,CSAT,4.541666666666667
Product,,B000M0F58U,CSAT,3.90625
Product,,B000NBQUNW,CSAT,4.222222222222222
Product,,B000NIFO96,CSAT,4.454545454545454
Product,,B000NMJWZO,CSAT,4.850467289719626
Product,,B000OQ2DJQ,CSAT,4.62962962962963
Product,,B000OQ2DL4,CSAT,4.512820512820513
Product,,B000PDWBKO,CSAT,4.61
Product,,B000PDY3HI,CSAT,4.278260869565218
Product,,B000PDY3P0,CSAT,4.409638554216867
Product,,B000Q5X876,CSAT,4.285714285714286
Product,,B000Q5X8DK,CSAT,4.212121212121212
Product,,B000Q611U6,CSAT,4.631578947368421
Product,,B000QSON4K,CSAT,4.54
Product,,B000REI2X6,CSAT,4.153846153846154
Product,,B000RI1W8E,CSAT,4.071428571428571
Product,,B000SATIZA,CSAT,4.71875
Product,,B000SDKDM4,CSAT,3.8048780487804876
Product,,B000TQEWM2,CSAT,4.215686274509804
Product,,B000UBD88A,CSAT,4.153846153846154
Product,,B000UUWECC,CSAT,3.8225806451612905
Product,,B000V17MLS,CSAT,4.690476190476191
Product,,B000VK08OC,CSAT,4.404255319148936
Product,,B000VK4K3W,CSAT,3.361111111111111
Product,,B000VK8AVK,CSAT,4.15625
Product,,B000WB1YSE,CSAT,4.15625
Product,,B000WFEN74,CSAT,4.090909090909091
Product,,B000WFKI82,CSAT,4.628571428571429
Product,,B000WFN0VO,CSAT,3.9285714285714284
Product,,B000WFORH0,CSAT,4.32258064516129
Product,,B000WFPJIG,CSAT,4.225806451612903
Product,,B000WFRQQ4,CSAT,4.424242424242424
Product,,B000WFUL3E,CSAT,4.333333333333333
Product,,B000WVY4PE,CSAT,4.675
Product,,B000WVYB8Y,CSAT,4.521739130434782
Product,,B000X1Q1G8,CSAT,1.5609756097560976
Product,,B000YSRK7E,CSAT,4.5675675675675675
Product,,B000YSS7EO,CSAT,3.303030303030303
Product,,B000YSTIL0,CSAT,4.5813953488372094
Product,,B001181NBA,CSAT,4.675675675675675
Product,,B00125ZCWI,CSAT,4.413043478260869
Product,,B0012BUR8Q,CSAT,4.564102564102564
Product,,B0012C7VLG,CSAT,4.393939393939394
Product,,B0012NUVN0,CSAT,3.3793103448275863
Product,,B0012V1G0Y,CSAT,3.4
Product,,B0012XBD7I,CSAT,4.0212765957446805
Product,,B00139TT72,CSAT,4.25
Product,,B00139ZPKM,CSAT,4.258064516129032
Product,,B0013A0QXC,CSAT,4.368852459016393
Product,,B0013NUGDE,CSAT,4.371900826446281
Product,,B00141OU50,CSAT,3.175
Product,,B00141OX52,CSAT,3.738095238095238
Product,,B00141UC9I,CSAT,3.358974358974359
Product,,B00141WDXG,CSAT,3.45
Product,,B00142BX68,CSAT,4.4
Product,,B0014ATRV8,CSAT,4.354838709677419
Product,,B0014AUJII,CSAT,4.195121951219512
Product,,B0014B0HWK,CSAT,4.171428571428572
Product,,B0014X5O1C,CSAT,4.033333333333333
Product,,B0015MY6PC,CSAT,4.463414634146342
Product,,B0016B7Z32,CSAT,4.027777777777778
Product,,B0016PC4TS,CSAT,3.606060606060606
Product,,B00188S3PM,CSAT,3.935483870967742
Product,,B0018KLPFK,CSAT,4.455555555555556
Product,,B0018KR8V0,CSAT,4.69620253164557
Product,,B0019QT66I,CSAT,4.311111111111111
Product,,B001AHFVHO,CSAT,4.588235294117647
Product,,B001AHJ2D8,CSAT,4.619047619047619
Product,,B001AHJ2FQ,CSAT,4.55
Product,,B001AIQP8M,CSAT,4.351351351351352
Product,,B001AJ1ULS,CSAT,3.473684210526316
Product,,B001AS1A4Q,CSAT,4.2625
Product,,B001B4VOQI,CSAT,4.617647058823529
Product,,B001BCVY4W,CSAT,4.173913043478261
Product,,B001BCVY9W,CSAT,4.42
Product,,B001BCXTGS,CSAT,4.151515151515151
Product,,B001BDDT8K,CSAT,4.340425531914893
Product,,B001BDDTB2,CSAT,4.136363636363637
Product,,B001BM3C0Q,CSAT,3.5454545454545454
Product,,B001BS4G6O,CSAT,4.672727272727273
Product,,B001CWV4RS,CSAT,4.8
Product,,B001D09KAM,CSAT,4.21505376344086
Product,,B001D0DMME,CSAT,4.328767123287672
Product,,B001D0DMMY,CSAT,4.4
Product,,B001D0GV90,CSAT,4.475
Product,,B001D0GVAO,CSAT,4.142857142857143
Product,,B001D0IZBM,CSAT,4.323529411764706
Product,,B001E0TBA0,CSAT,4.511111111111111
Product,,B001E18K8S,CSAT,4.658536585365853
Product,,B001E5E0D8,CSAT,4.487179487179487
Product,,B001E5E3JY,CSAT,4.4
Product,,B001E8DHPW,CSAT,4.833333333333333
Product,,B001ELL60W,CSAT,4.797101449275362
Product,,B001EO5Q64,CSAT,4.74
Product,,B001EO5U3I,CSAT,4.591549295774648
Product,,B001EO5Y8Y,CSAT,4.461538461538462
Product,,B001EO77FC,CSAT,4.575757575757576
Product,,B001EO77FW,CSAT,4.0625
Product,,B001EQ4OWO,CSAT,4.317073170731708
Product,,B001EQ4P2I,CSAT,4.685714285714286
Product,,B001EQ4QJK,CSAT,4.722222222222222
Product,,B001EQ4RBM,CSAT,4.409090909090909
Product,,B001EQ55RW,CSAT,3.984848484848485
Product,,B001EQ55ZO,CSAT,3.142857142857143
Product,,B001EQ5JLE,CSAT,4.7368421052631575
Product,,B001EQ5JLY,CSAT,4.806451612903226
Product,,B001EYUE5M,CSAT,4.172413793103448
Product,,B001FCFYU8,CSAT,4.365853658536586
Product,,B001FSJCPK,CSAT,4.465116279069767
Product,,B001GCTTRQ,CSAT,4.277777777777778
Product,,B001GINOQC,CSAT,4.933333333333334
Product,,B001GL6GBE,CSAT,4.575757575757576
Product,,B001HTKOWC,CSAT,4.414634146341464
Product,,B001J9QBU4,CSAT,4.4523809523809526
Product,,B001KQAR24,CSAT,4.441860465116279
Product,,B001KTA03C,CSAT,4.531914893617022
Product,,B001KVPBS4,CSAT,4.805555555555555
Product,,B001L4JH5I,CSAT,4.666666666666667
Product,,B001LG940E,CSAT,3.8142857142857145
Product,,B001LG945O,CSAT,3.365079365079365
Product,,B001LGGH40,CSAT,3.4558823529411766
Product,,B001LGGH54,CSAT,3.4878048780487805
Product,,B001LNTY70,CSAT,4.8108108108108105
Product,,B001LQCOIS,CSAT,3.575
Product,,B001M2BM4I,CSAT,4.224137931034483
Product,,B001NXHY8Y,CSAT,4.527777777777778
Product,,B001NXM3GM,CSAT,4.361111111111111
Product,,B001OCKIP0,CSAT,4.264150943396227
Product,,B001OHX1ZY,CSAT,4.114285714285714
Product,,B001P05K7M,CSAT,4.714285714285714
Product,,B001P05K8Q,CSAT,4.555555555555555
Product,,B001P3NU30,CSAT,4.181818181818182
Product,,B001P3NU3U,CSAT,3.84375
Product,,B001P3PR54,CSAT,4.64
Product,,B001P74NXM,CSAT,4.027027027027027
Product,,B001QE7J2G,CSAT,3.8333333333333335
Product,,B001RVFDOO,CSAT,4.277777777777778
Product,,B001RVFEP2,CSAT,4.439655172413793
Product,,B001RVFERK,CSAT,4.330578512396694
Product,,B001SAXPEO,CSAT,4.117647058823529
Product,,B001TLY7A8,CSAT,4.25
Product,,B001TLY7BM,CSAT,4.2745098039215685
Product,,B001TM70V0,CSAT,4.2
Product,,B001TM70XS,CSAT,4.111111111111111
Product,,B001ULOTKU,CSAT,3.5
Product,,B001VJ0B0I,CSAT,3.838709677419355
Product,,B00248EE4O,CSAT,4.674418604651163
Product,,B0026KNQSA,CSAT,4.2844827586206895
Product,,B0026KPDG8,CSAT,4.137931034482759
Product,,B0026RQTGE,CSAT,4.63265306122449
Product,,B00271OPVU,CSAT,4.5675675675675675
Product,,B0029NGY4M,CSAT,4.066666666666666
Product,,B0029NTQ1K,CSAT,4.7272727272727275
Product,,B0029XDZDK,CSAT,4.275
Product,,B0029XDZKI,CSAT,4.264150943396227
Product,,B0029XLH4Y,CSAT,4.25
Product,,B0029ZAOW8,CSAT,4.432098765432099
Product,,B002AK88SY,CSAT,2.657142857142857
Product,,B002AQ0OL2,CSAT,3.9591836734693877
Product,,B002AQ0OS0,CSAT,3.85
Product,,B002AQ0OW6,CSAT,4.055555555555555
Product,,B002D4DY8G,CSAT,4.0285714285714285
Product,,B002DHTWNO,CSAT,3.090909090909091
Product,,B002DLXXHG,CSAT,2.9583333333333335
Product,,B002GJ9JWS,CSAT,4.434210526315789
Product,,B002GJ9JY6,CSAT,4.620689655172414
Product,,B002GKEK7G,CSAT,4.5
Product,,B002HFPW6I,CSAT,3.2058823529411766
Product,,B002IEVJRY,CSAT,3.8854166666666665
Product,,B002IEZJMA,CSAT,3.542056074766355
Product,,B002LANN56,CSAT,3.8072289156626504
Product,,B002LN1ME2,CSAT,4.625
Product,,B002NHYQAS,CSAT,4.0
Product,,B002OL2MWM,CSAT,4.472222222222222
Product,,B002QGK2V8,CSAT,3.2
Product,,B002QWHJOU,CSAT,4.698412698412699
Product,,B002QWP89S,CSAT,4.538461538461538
Product,,B002QWP8H0,CSAT,4.573643410852713
Product,,B002T0NXK8,CSAT,2.7666666666666666
Product,,B002TSA91G,CSAT,3.8333333333333335
Product,,B002TSA91Q,CSAT,3.606060606060606
Product,,B002YJ0118,CSAT,4.39622641509434
Product,,B002ZX1U9A,CSAT,4.314814814814815
Product,,B00305L330,CSAT,4.3
Product,,B0030VBPN2,CSAT,4.605263157894737
Product,,B0030VBQ5Y,CSAT,4.694444444444445
Product,,B0030VBRIU,CSAT,3.3548387096774195
Product,,B0030VJ70K,CSAT,4.935483870967742
Product,,B0030VJ79Q,CSAT,4.78125
Product,,B0030VJ818,CSAT,4.117647058823529
Product,,B0030VJ8PE,CSAT,4.548387096774194
Product,,B0030VJ8YU,CSAT,3.1515151515151514
Product,,B0030VJ97Q,CSAT,3.6333333333333333
Product,,B0030VJ9K8,CSAT,3.4
Product,,B00315WGNK,CSAT,3.051282051282051
Product,,B0031U9UZC,CSAT,4.0625
Product,,B0032B0BD0,CSAT,4.032258064516129
Product,,B0032CB15Q,CSAT,4.476923076923077
Product,,B0032CJPOK,CSAT,3.898550724637681
Product,,B0033HPPIO,CSAT,3.2564102564102564
Product,,B0034EDLS2,CSAT,4.451612903225806
Product,,B0034EDM2W,CSAT,4.5
Product,,B0034EDMCW,CSAT,4.548387096774194
Product,,B0034EDMLI,CSAT,4.644736842105263
Product,,B0034EFIYC,CSAT,4.442857142857143
Product,,B00370CFR6,CSAT,4.483870967741935
Product,,B0039556K2,CSAT,3.7941176470588234
Product,,B00395570G,CSAT,3.6666666666666665
Product,,B00395DVQS,CSAT,3.8
Product,,B0039LVLS2,CSAT,3.8378378378378377
Product,,B0039ZOZ86,CSAT,4.371428571428571
Product,,B003AZ2ECY,CSAT,4.078947368421052
Product,,B003B3OOPA,CSAT,4.8
Product,,B003CIBPN8,CSAT,3.6808510638297873
Product,,B003CK0XC0,CSAT,4.512195121951219
Product,,B003CK2BQG,CSAT,4.6
Product,,B003CK7O36,CSAT,4.604166666666667
Product,,B003D4F1QS,CSAT,4.621951219512195
Product,,B003D4IYSU,CSAT,4.467532467532467
Product,,B003D4MW38,CSAT,4.47945205479452
Product,,B003D4MYLS,CSAT,4.422680412371134
Product,,B003E728CE,CSAT,4.650793650793651
Product,,B003EM7J9Q,CSAT,4.109375
Product,,B003EML8PM,CSAT,4.186440677966102
Product,,B003FDC2I2,CSAT,4.7924528301886795
Product,,B003FDG4K4,CSAT,4.8604651162790695
Product,,B003G52BN0,CSAT,4.1875
Product,,B003GTR8IO,CSAT,3.756521739130435
Product,,B003JA5KBW,CSAT,2.774193548387097
Product,,B003JA5KKS,CSAT,4.45945945945946
Product,,B003JA5KLM,CSAT,4.513513513513513
Product,,B003KRHDMI,CSAT,4.866666666666666
Product,,B003QDRJXY,CSAT,4.8979591836734695
Product,,B003QNJYXM,CSAT,4.085714285714285
Product,,B003QNLUTI,CSAT,4.103896103896104
Product,,B003SSWCJI,CSAT,4.8431372549019605
Product,,B003TC7WN4,CSAT,4.022471910112359
Product,,B003TNANSO,CSAT,4.278350515463917
Product,,B003VXFK44,CSAT,4.010204081632653
Product,,B003VXHGDM,CSAT,3.7261904761904763
Product,,B003VXHGE6,CSAT,4.043859649122807
Product,,B003VXHGPK,CSAT,4.03960396039604
Product,,B003VXL0V6,CSAT,3.7777777777777777
Product,,B003XDH6M6,CSAT,3.982456140350877
Product,,B003YBLF2E,CSAT,3.4545454545454546
Product,,B003Z6W32E,CSAT,4.707692307692308
Product,,B003Z6ZGZK,CSAT,4.587301587301587
Product,,B003Z6ZGZU,CSAT,4.035714285714286
Product,,B003ZT61E2,CSAT,3.864864864864865
Product,,B00412W76S,CSAT,4.282608695652174
Product,,B0041CIP3M,CSAT,4.114285714285714
Product,,B0041CIR62,CSAT,3.433333333333333
Product,,B0041NYV8E,CSAT,3.103896103896104
Product,,B00430B73W,CSAT,4.25
Product,,B00438XVGU,CSAT,4.6
Product,,B004391DK0,CSAT,4.446428571428571
Product,,B0043WOANY,CSAT,4.733333333333333
Product,,B0044CPA28,CSAT,3.942857142857143
Product,,B00451WLYI,CSAT,4.551282051282051
Product,,B0045XE32E,CSAT,4.387096774193548
Product,,B0045Z6K50,CSAT,4.166666666666667
Product,,B004728MI4,CSAT,4.046511627906977
Product,,B00472I5A4,CSAT,3.7708333333333335
Product,,B00474CSVE,CSAT,4.46
Product,,B004779XNW,CSAT,4.782608695652174
Product,,B0047RQ9M0,CSAT,3.9444444444444446
Product,,B0049ULB78,CSAT,4.470588235294118
Product,,B004BKLHOS,CSAT,4.196969696969697
Product,,B004CLCEDE,CSAT,3.6140350877192984
Product,,B004CYLW7A,CSAT,3.789473684210526
Product,,B004E4CCSQ,CSAT,3.6346153846153846
Product,,B004E4EBMG,CSAT,3.462962962962963
Product,,B004E4HUMY,CSAT,3.5454545454545454
Product,,B004EAGP74,CSAT,4.790123456790123
Product,,B004FEJ968,CSAT,4.393939393939394
Product,,B004FELBH8,CSAT,3.883720930232558
Product,,B004FEN3GA,CSAT,4.125
Product,,B004FEN3GK,CSAT,4.545454545454546
Product,,B004FGWU9O,CSAT,3.839080459770115
Product,,B004GW6O9E,CSAT,4.402298850574713
Product,,B004HOLD4W,CSAT,4.657894736842105
Product,,B004HOLD60,CSAT,4.439024390243903
Product,,B004HOLD92,CSAT,4.605263157894737
Product,,B004HOOZEW,CSAT,4.658536585365853
Product,,B004HOQE64,CSAT,4.542857142857143
Product,,B004HOSGWE,CSAT,4.90625
Product,,B004JGQ15E,CSAT,4.147540983606557
Product,,B004JRKEH4,CSAT,3.793103448275862
Product,,B004JRMG98,CSAT,3.341463414634146
Product,,B004JRO1S2,CSAT,3.3076923076923075
Product,,B004JRXZKM,CSAT,3.289473684210526
Product,,B004K30HO2,CSAT,3.857142857142857
Product,,B004M62D5S,CSAT,4.484848484848484
Product,,B004MO6NI8,CSAT,3.5098039215686274
Product,,B004OAZ36I,CSAT,3.34375
Product,,B004OQBC8K,CSAT,4.3023255813953485
Product,,B004OVWQDA,CSAT,4.53125
Product,,B004P4POZ8,CSAT,4.775862068965517
Product,,B004P4TL8E,CSAT,4.033333333333333
Product,,B004Q3LBTG,CSAT,3.1666666666666665
Product,,B004R8J8E0,CSAT,4.264705882352941
Product,,B004SRFYMK,CSAT,3.5526315789473686
Product,,B004SRH2B6,CSAT,3.804123711340206
Product,,B004T3QMD8,CSAT,3.888888888888889
Product,,B004TJF3BE,CSAT,3.0727272727272728
Product,,B004TPKAN4,CSAT,4.360655737704918
Product,,B004U43ZO0,CSAT,3.463768115942029
Product,,B004U49QU2,CSAT,3.514705882352941
Product,,B004WTHCO2,CSAT,3.3389830508474576
Product,,B004X3VRLG,CSAT,3.5813953488372094
Product,,B004YV80O4,CSAT,3.9210526315789473
Product,,B004YV80OE,CSAT,3.579710144927536
Product,,B004ZIER34,CSAT,3.5588235294117645
Product,,B0051COPH6,CSAT,4.440476190476191
Product,,B0058AMY10,CSAT,4.0227272727272725
Product,,B0058AMY5G,CSAT,4.127659574468085
Product,,B0058AMY74,CSAT,4.111111111111111
Product,,B0058AMYTC,CSAT,4.16
Product,,B005A1LGIY,CSAT,3.9696969696969697
Product,,B005A1LINC,CSAT,4.03921568627451
Product,,B005A1LJ04,CSAT,3.4444444444444446
Product,,B005BRHVD6,CSAT,4.613636363636363
Product,,B005CUU23S,CSAT,3.2432432432432434
Product,,B005CUU25G,CSAT,3.4594594594594597
Product,,B005DFL4PM,CSAT,4.416666666666667
Product,,B005GIF5WY,CSAT,4.764705882352941
Product,,B005GRCWDU,CSAT,4.604651162790698
Product,,B005GTWCTM,CSAT,4.380952380952381
Product,,B005GX00BK,CSAT,4.204545454545454
Product,,B005GX8MMO,CSAT,4.628571428571429
Product,,B005GXHKSG,CSAT,4.608695652173913
Product,,B005HG9ERW,CSAT,3.965909090909091
Product,,B005HG9ESG,CSAT,3.9295774647887325
Product,,B005HG9ET0,CSAT,4.149425287356322
Product,,B005HGAV8I,CSAT,3.435483870967742
Product,,B005IW4WFY,CSAT,4.08
Product,,B005K4Q1RW,CSAT,3.122448979591837
Product,,B005K4Q1T0,CSAT,4.016666666666667
Product,,B005K4Q1VI,CSAT,3.857142857142857
Product,,B005K4Q1W2,CSAT,3.4827586206896552
Product,,B005K4Q1YA,CSAT,3.69672131147541
Product,,B005K4Q34S,CSAT,3.7459016393442623
Product,,B005K4Q37A,CSAT,3.7969924812030076
Product,,B005K4Q4KG,CSAT,3.857142857142857
Product,,B005K4Q4LK,CSAT,3.688
Product,,B005K4Q68Q,CSAT,3.933333333333333
Product,,B005P6TCGW,CSAT,4.166666666666667
Product,,B005PANYEY,CSAT,3.8947368421052633
Product,,B005SPQENY,CSAT,3.3714285714285714
Product,,B005V9UG18,CSAT,4.515625
Product,,B005VOOKS8,CSAT,4.0181818181818185
Product,,B005VOOL00,CSAT,3.7580645161290325
Product,,B005VOOLXM,CSAT,3.7761194029850746
Product,,B005VOOM2W,CSAT,3.727272727272727
Product,,B005VOOM4A,CSAT,3.921875
Product,,B005VOOM5E,CSAT,3.5901639344262297
Product,,B005VOONGM,CSAT,3.7777777777777777
Product,,B005VOONI0,CSAT,3.9523809523809526
Product,,B005VOONKI,CSAT,3.8
Product,,B005VOONLW,CSAT,3.796875
Product,,B005VOONM6,CSAT,4.105263157894737
Product,,B005ZBZLPI,CSAT,3.638888888888889
Product,,B005ZBZLSU,CSAT,4.327272727272727
Product,,B005ZBZLT4,CSAT,4.237288135593221
Product,,B005ZBZM52,CSAT,4.377777777777778
Product,,B0061IUIDY,CSAT,4.140625
Product,,B0062A87HA,CSAT,4.2727272727272725
Product,,B006GA666U,CSAT,4.333333333333333
Product,,B006H34CUS,CSAT,4.486486486486487
Product,,B006HYLW32,CSAT,4.508620689655173
Product,,B006J4MAIQ,CSAT,4.387096774193548
Product,,B006J4MAUE,CSAT,4.571428571428571
Product,,B006MONQMC,CSAT,3.5
Product,,B006N3HYYS,CSAT,4.114285714285714
Product,,B006N3HZ6K,CSAT,4.310344827586207
Product,,B006N3I0DM,CSAT,4.180555555555555
Product,,B006N3I0N2,CSAT,4.214285714285714
Product,,B006N3I1HM,CSAT,4.295454545454546
Product,,B006N3I29E,CSAT,4.382978723404255
Product,,B006N3I3I4,CSAT,4.512820512820513
Product,,B006N3I69A,CSAT,1.3888888888888888
Product,,B006N3IE6A,CSAT,3.93
Product,,B006N3IG4K,CSAT,3.9148936170212765
Product,,B006Q820X0,CSAT,2.9298245614035086
Product,,B006WYSFZK,CSAT,3.975609756097561
Product,,B0075JTH7Q,CSAT,4.171428571428572
Product,,B0076MLL12,CSAT,4.014084507042254
Product,,B0078Y6CN0,CSAT,4.296296296296297
Product,,B0078Y6OX8,CSAT,3.59375
Product,,B007I7YZJK,CSAT,3.775
Product,,B007I7Z3Z0,CSAT,3.8125
Product,,B007JFMH8M,CSAT,4.505154639175258
Product,,B007JFXWRC,CSAT,3.9375
Product,,B007M832YY,CSAT,4.3076923076923075
Product,,B007M83302,CSAT,4.264957264957265
Product,,B007OXJK3Y,CSAT,3.8529411764705883
Product,,B007PA30TG,CSAT,4.226415094339623
Product,,B007PA30ZU,CSAT,4.620689655172414
Product,,B007PA32L2,CSAT,4.038461538461538
Product,,B007PA33KM,CSAT,4.2
Product,,B007PA33NY,CSAT,4.419354838709677
Product,,B007PE7ANY,CSAT,4.428571428571429
Product,,B007R900WA,CSAT,4.794117647058823
Product,,B007RLRCLK,CSAT,4.484848484848484
Product,,B007RTR9DS,CSAT,2.7567567567567566
Product,,B007RTR9FQ,CSAT,4.125
Product,,B007RTR9G0,CSAT,3.1794871794871793
Product,,B007TGDXMK,CSAT,4.25
Product,,B007TGDXMU,CSAT,4.513513513513513
Product,,B007TGDXNO,CSAT,4.485294117647059
Product,,B007TJGY46,CSAT,4.274725274725275
Product,,B007TJGY4Q,CSAT,4.171428571428572
Product,,B007TJGZ0Y,CSAT,4.2
Product,,B007TJGZ18,CSAT,4.333333333333333
Product,,B007TJGZ4A,CSAT,4.225
Product,,B007TJGZ54,CSAT,4.266666666666667
Product,,B007Y59HVM,CSAT,4.338983050847458
Product,,B00817GPWQ,CSAT,3.8974358974358974
Product,,B0081XIAOQ,CSAT,3.4864864864864864
Product,,B0081XIASW,CSAT,3.4838709677419355
Product,,B0081XIAUK,CSAT,3.5161290322580645
Product,,B0081XPTBS,CSAT,4.089285714285714
Product,,B0083QJU72,CSAT,4.823529411764706
Product,,B0083T5TAQ,CSAT,2.933333333333333
Product,,B0083T6HC0,CSAT,3.5348837209302326
Product,,B008BY7NSE,CSAT,4.74
Product,,B008BY7O9W,CSAT,4.161290322580645
Product,,B008CTBK7S,CSAT,4.564102564102564
Product,,B008FHUDW0,CSAT,4.40625
Product,,B008FHUFAU,CSAT,4.405405405405405
Product,,B008FHUGNQ,CSAT,4.063157894736842
Product,,B008FHUKE6,CSAT,4.174603174603175
Product,,B008GRIB0A,CSAT,3.6666666666666665
Product,,B008GRONV6,CSAT,4.568965517241379
Product,,B008I1XPKA,CSAT,3.7948717948717947
Product,,B008J1HO4C,CSAT,4.686746987951807
Product,,B008JKSJJ2,CSAT,4.319587628865979
Product,,B008JKTH2A,CSAT,4.209302325581396
Product,,B008JKTTUA,CSAT,4.426829268292683
Product,,B008JKU2CO,CSAT,4.419753086419753
Product,,B008O3G25W,CSAT,3.6774193548387095
Product,,B008O3G2GG,CSAT,3.4722222222222223
Product,,B008O3G2K2,CSAT,3.6041666666666665
Product,,B008RWUHA6,CSAT,3.971014492753623
Product,,B008RWUKXK,CSAT,4.05
Product,,B008YA1NWC,CSAT,4.533333333333333
Product,,B008ZRKZSM,CSAT,4.509433962264151
Product,,B0090X8IPM,CSAT,3.8137254901960786
Product,,B00954NY46,CSAT,4.636363636363637
Product,,B00954NYVY,CSAT,4.548387096774194
Product,,B0098WV8F2,CSAT,4.638297872340425
Product,,B009E7YC54,CSAT,4.614035087719298
Product,,B009RB4GO4,CSAT,3.2444444444444445
